Dataset,TTS_Method,Count,LSE_D_Mean,LSE_D_Std,LSE_C_Mean,LSE_C_Std
RAW,CosyVoice,20,11.338536612192792,1.7763568394002505e-15,2.7150182565053305,0.0
RAW,XTTSv2,20,11.338536612192792,1.7763568394002505e-15,2.7150182565053305,0.0
RAW,YourTTS,20,11.338536612192792,1.7763568394002505e-15,2.7150182565053305,0.0
VCTK,CosyVoice,20,10.511787621180217,0.0,2.233048025767009,4.440892098500626e-16
VCTK,XTTSv2,20,10.511787621180217,0.0,2.233048025767009,4.440892098500626e-16
VCTK,YourTTS,20,10.511787621180217,0.0,2.233048025767009,4.440892098500626e-16
